{
  "pause": [
    false
  ],
  "fog": {
    "color": [
      0,
      0.0784313725490196,
      0.2
    ],
    "near": [
      500
    ],
    "far": [
      10000
    ]
  },
  "Mirror": {
    "farFade": [
      1.49
    ]
  },
  "Light": {
    "DirLight": {
      "object": {
        "position": [
          0.40000000000000024,
          0.5000000000000001,
          1
        ],
        "rotation": [
          0,
          0,
          0
        ],
        "scale": [
          1,
          1,
          1
        ]
      },
      "color": [
        0.44313725490196076,
        0.5725490196078431,
        0.7568627450980392
      ],
      "intensity": [
        0.45
      ]
    },
    "anbiLight": {
      "color": [
        0.3568627450980392,
        0.3568627450980392,
        0.4392156862745098
      ],
      "intensity": [
        0.38
      ]
    }
  },
  "PostProcess": {
    "Outline": {
      "edgeStrength": [
        3.67
      ],
      "edgeGlow": [
        0.84
      ],
      "edgeThickness": [
        0.4
      ],
      "pulsePeriod": [
        0
      ],
      "visibleColor": [
        0.7686274509803922,
        0.5529411764705883,
        0.21568627450980393
      ],
      "hiddenEdgeColor": [
        0.09803921568627451,
        0.0392156862745098,
        0.0196078431372549
      ],
      "usePatternTexture": [
        false
      ]
    },
    "ScanLight": {
      "scanColor": [
        0.34901960784313724,
        0.42745098039215684,
        0.42745098039215684
      ],
      "scanPower": [
        0.22
      ],
      "scanOption": [
        0,
        10000,
        0.11,
        1235
      ],
      "RangeFolder": {
        "scanCenter": [
          0,
          0,
          0
        ],
        "scaneDistance": [
          5000
        ],
        "scanHeightRange": [
          -5,
          200
        ]
      }
    },
    "Bloom": {
      "exposure": [
        0.29
      ],
      "threshold": [
        0.12
      ],
      "strength": [
        0.77
      ],
      "radius": [
        0.19
      ]
    },
    "Blur": {
      "hScale": [
        1
      ],
      "ssv": [
        0.33,
        0.44
      ],
      "colorScale": [
        0.59
      ]
    }
  }
}